Metric,Value
Accuracy,0.6372549019607843
Precision,0.6372549019607843
Recall,0.6372549019607843
F1 Score,0.6372549019607843
